industry,recruit_avg_salary,recruit_job_count,uni_avg_salary,uni_match_score,uni_competition_index,avg_anxiety,avg_career_confusion,avg_salary_gap,avg_involution,avg_identity_crisis,dominant_sentiment
互联网,13.726732456140352,912,15.530858034321374,92.52326519967902,0.1881152573165439,0.3834183673469388,0.33163265306122447,0.22704081632653061,0.4137755102040816,0.3836734693877551,negative
体制内,13.047872340425531,188,14.33356979261049,73.15143635396423,0.7396305195821213,0.398375,0.349,0.205,0.37549999999999994,0.4075,negative
金融,21.03445945945946,74,17.65829145728643,81.00108018303118,0.3788187787195171,0.3867924528301887,0.3764150943396226,0.2188679245283019,0.35660377358490564,0.3886792452830189,negative
