region,graduate_number,employment_number,school_name,就业率
上海,10154,9876,1,97.26216269450462
北京,23419,22250,1,95.00832657244118
广东,23155,20878,1,90.16627078384798
